"State/UTs_Code","District_Code","CD Block_Code","Town/Village_Code","Ward_Code","EB_Code","State/UTs_Name","District_Name","Level","Name","Total/Rural/Urban","No of Households","Total Population Person","Total Population Male","Total Population Female","Population in the age group 0-6 Person","Population in the age group 0-6 Male","Population in the age group 0-6 Female","Scheduled Castes population Person","Scheduled Castes population Male","Scheduled Castes population Female","Scheduled Tribes population Person","Scheduled Tribes population Male","Scheduled Tribes population Female","Literates Population Person","Literates Population Male","Literates Population Female","Illiterate Persons","Illiterate Male","Illiterate Female","Total Worker Population Person","Total Worker Population Male","Total Worker Population Female","Main Working Population Person","Main Working Population Male","Main Working Population Female","Main Cultivator Population Person","Main Cultivator Population Male","Main Cultivator Population Female","Main Agricultural Labourers Population Person","Main Agricultural Labourers Population Male","Main Agricultural Labourers Population Female","Main Household Industries Population Person","Main Household Industries Population Male","Main Household Industries Population Female","Main Other Workers Population Person","Main Other Workers Population Male","Main Other Workers Population Female","Marginal Worker Population Person","Marginal Worker Population Male","Marginal Worker Population Female","Marginal Cultivator Population Person","Marginal Cultivator Population Male","Marginal Cultivator Population Female","Marginal Agriculture Labourers Population Person","Marginal Agriculture Labourers Population Male","Marginal Agriculture Labourers Population Female","Marginal Household Industries Population Person","Marginal Household Industries Population Male","Marginal Household Industries Population Female","Marginal Other Workers Population Person","Marginal Other Workers Population Male","Marginal Other Workers Population Female","Marginal Worker Population 3_6 Person","Marginal Worker Population 3_6 Male","Marginal Worker Population 3_6 Female","Marginal Cultivator Population 3_6 Person","Marginal Cultivator Population 3_6 Male","Marginal Cultivator Population 3_6 Female","Marginal Agriculture Labourers Population 3_6 Person","Marginal Agriculture Labourers Population 3_6 Male","Marginal Agriculture Labourers Population 3_6 Female","Marginal Household Industries Population 3_6 Person","Marginal Household Industries Population 3_6 Male","Marginal Household Industries Population 3-6 Female","Marginal Other Workers Population Person 3_6 Person","Marginal Other Workers Population Person 3_6 Male","Marginal Other Workers Population Person 3_6 Female","Marginal Worker Population 0_3 Person","Marginal Worker Population 0_3 Male","Marginal Worker Population 0_3_Female","Marginal Cultivator Population 0_3 Person","Marginal Cultivator Population 0_3 Male","Marginal Cultivator Population 0_3_Female","Marginal Agriculture Labourers Population 0_3 Person","Marginal Agriculture Labourers Population 0_3 Male","Marginal Agriculture Labourers Population 0_3 Female","Marginal Household Industries Population 0_3 Person","Marginal Household Industries Population 0_3 Male","Marginal Household Industries Population 0_3 Female","Marginal Other Workers Population 0_3 Person","Marginal Other Workers Population 0_3 Male","Marginal Other Workers Population 0_3 Female","Non Working Population Person","Non Working Population Male","Non Working Population Female"
"32","588","0001","000000","0000","000000","KERALA","Kasaragod","CD BLOCK","Manjeshwar","Total","61804","327862","161130","166732","39694","20238","19456","21889","10900","10989","2798","1390","1408","255527","131920","123607","72335","29210","43125","122908","83495","39413","97659","70050","27609","4902","4150","752","5559","4814","745","10401","1577","8824","76797","59509","17288","25249","13445","11804","681","427","254","1890","1398","492","4137","474","3663","18541","11146","7395","19194","10614","8580","547","355","192","1493","1139","354","3022","302","2720","14132","8818","5314","6055","2831","3224","134","72","62","397","259","138","1115","172","943","4409","2328","2081","204954","77635","127319"
"32","588","0001","000000","0000","000000","KERALA","Kasaragod","CD BLOCK","Manjeshwar","Rural","44665","237875","117496","120379","28011","14204","13807","18108","9044","9064","2110","1054","1056","184650","96240","88410","53225","21256","31969","93595","62479","31116","73111","51831","21280","4561","3868","693","5017","4354","663","8397","1021","7376","55136","42588","12548","20484","10648","9836","605","389","216","1700","1272","428","3701","426","3275","14478","8561","5917","15290","8244","7046","482","322","160","1337","1034","303","2699","264","2435","10772","6624","4148","5194","2404","2790","123","67","56","363","238","125","1002","162","840","3706","1937","1769","144280","55017","89263"
"32","588","0001","000000","0000","000000","KERALA","Kasaragod","CD BLOCK","Manjeshwar","Urban","17139","89987","43634","46353","11683","6034","5649","3781","1856","1925","688","336","352","70877","35680","35197","19110","7954","11156","29313","21016","8297","24548","18219","6329","341","282","59","542","460","82","2004","556","1448","21661","16921","4740","4765","2797","1968","76","38","38","190","126","64","436","48","388","4063","2585","1478","3904","2370","1534","65","33","32","156","105","51","323","38","285","3360","2194","1166","861","427","434","11","5","6","34","21","13","113","10","103","703","391","312","60674","22618","38056"
"32","588","0001","627057","0000","000000","KERALA","Kasaragod","VILLAGE","Pavoor","Rural","853","4798","2393","2405","655","327","328","117","57","60","14","6","8","3513","1892","1621","1285","501","784","2363","1362","1001","1946","1147","799","188","142","46","135","115","20","535","82","453","1088","808","280","417","215","202","13","7","6","37","23","14","109","45","64","258","140","118","336","174","162","9","5","4","27","18","9","97","42","55","203","109","94","81","41","40","4","2","2","10","5","5","12","3","9","55","31","24","2435","1031","1404"
"32","588","0001","627058","0000","000000","KERALA","Kasaragod","VILLAGE","Vorkady","Rural","1737","8787","4350","4437","999","532","467","299","149","150","116","59","57","6806","3560","3246","1981","790","1191","4160","2475","1685","3327","2032","1295","199","174","25","155","140","15","658","41","617","2315","1677","638","833","443","390","31","24","7","77","63","14","290","27","263","435","329","106","602","335","267","25","20","5","43","39","4","191","18","173","343","258","85","231","108","123","6","4","2","34","24","10","99","9","90","92","71","21","4627","1875","2752"
"32","588","0001","627059","0000","000000","KERALA","Kasaragod","VILLAGE","Pathur","Rural","1054","6383","3118","3265","776","399","377","138","72","66","62","31","31","4839","2551","2288","1544","567","977","2531","1572","959","1840","1281","559","156","135","21","186","178","8","223","48","175","1275","920","355","691","291","400","15","8","7","65","57","8","257","32","225","354","194","160","436","230","206","14","7","7","49","45","4","92","15","77","281","163","118","255","61","194","1","1","0","16","12","4","165","17","148","73","31","42","3852","1546","2306"
"32","588","0001","627060","0000","000000","KERALA","Kasaragod","VILLAGE","Kodalamogaru","Rural","1107","5788","2906","2882","679","354","325","179","91","88","57","29","28","4284","2322","1962","1504","584","920","2720","1671","1049","2290","1464","826","107","91","16","29","23","6","239","14","225","1915","1336","579","430","207","223","12","8","4","17","13","4","7","2","5","394","184","210","323","178","145","10","6","4","4","4","0","7","2","5","302","166","136","107","29","78","2","2","0","13","9","4","0","0","0","92","18","74","3068","1235","1833"
"32","588","0001","627061","0000","000000","KERALA","Kasaragod","VILLAGE","Koliyoor","Rural","496","2743","1397","1346","314","157","157","38","23","15","10","5","5","2173","1185","988","570","212","358","1265","771","494","1136","734","402","9","5","4","2","1","1","236","44","192","889","684","205","129","37","92","4","3","1","10","3","7","77","5","72","38","26","12","110","28","82","4","3","1","10","3","7","62","0","62","34","22","12","19","9","10","0","0","0","0","0","0","15","5","10","4","4","0","1478","626","852"
"32","588","0001","627062","0000","000000","KERALA","Kasaragod","VILLAGE","Kaliyoor","Rural","448","2323","1146","1177","234","123","111","43","19","24","6","3","3","1862","969","893","461","177","284","958","650","308","503","361","142","45","41","4","48","46","2","60","3","57","350","271","79","455","289","166","11","9","2","24","17","7","71","5","66","349","258","91","350","254","96","5","4","1","20","16","4","49","3","46","276","231","45","105","35","70","6","5","1","4","1","3","22","2","20","73","27","46","1365","496","869"
"32","588","0001","627063","0000","000000","KERALA","Kasaragod","VILLAGE","Talikala","Rural","363","1847","919","928","220","128","92","16","9","7","29","14","15","1338","705","633","509","214","295","806","509","297","712","474","238","31","24","7","13","11","2","115","3","112","553","436","117","94","35","59","1","0","1","3","0","3","40","9","31","50","26","24","80","33","47","0","0","0","3","0","3","38","9","29","39","24","15","14","2","12","1","0","1","0","0","0","2","0","2","11","2","9","1041","410","631"
"32","588","0001","627064","0000","000000","KERALA","Kasaragod","VILLAGE","Meenja","Rural","826","4144","2044","2100","460","213","247","245","127","118","25","14","11","3191","1687","1504","953","357","596","2132","1212","920","1692","1021","671","192","116","76","57","47","10","354","42","312","1089","816","273","440","191","249","11","3","8","7","4","3","126","22","104","296","162","134","182","67","115","2","0","2","5","2","3","27","2","25","148","63","85","258","124","134","9","3","6","2","2","0","99","20","79","148","99","49","2012","832","1180"
"32","588","0001","627065","0000","000000","KERALA","Kasaragod","VILLAGE","Kadambar","Rural","503","2616","1281","1335","304","149","155","164","88","76","15","11","4","2089","1073","1016","527","208","319","1060","661","399","1047","653","394","43","41","2","62","50","12","164","7","157","778","555","223","13","8","5","0","0","0","0","0","0","0","0","0","13","8","5","12","7","5","0","0","0","0","0","0","0","0","0","12","7","5","1","1","0","0","0","0","0","0","0","0","0","0","1","1","0","1556","620","936"
"32","588","0001","627066","0000","000000","KERALA","Kasaragod","VILLAGE","Moodambail","Rural","932","4779","2282","2497","599","283","316","294","153","141","44","22","22","3667","1867","1800","1112","415","697","1943","1202","741","1733","1132","601","71","63","8","57","48","9","336","23","313","1269","998","271","210","70","140","6","3","3","11","10","1","81","3","78","112","54","58","156","58","98","3","1","2","9","9","0","54","2","52","90","46","44","54","12","42","3","2","1","2","1","1","27","1","26","22","8","14","2836","1080","1756"
"32","588","0001","627067","0000","000000","KERALA","Kasaragod","VILLAGE","Kuloor","Rural","653","3381","1628","1753","373","197","176","409","193","216","21","9","12","2597","1321","1276","784","307","477","1602","911","691","1506","860","646","84","69","15","11","4","7","186","6","180","1225","781","444","96","51","45","2","1","1","3","3","0","6","0","6","85","47","38","77","42","35","1","1","0","2","2","0","5","0","5","69","39","30","19","9","10","1","0","1","1","1","0","1","0","1","16","8","8","1779","717","1062"
"32","588","0001","627068","0000","000000","KERALA","Kasaragod","VILLAGE","Majibail","Rural","306","1485","709","776","173","86","87","147","78","69","2","1","1","1140","577","563","345","132","213","639","381","258","618","375","243","51","36","15","48","37","11","188","8","180","331","294","37","21","6","15","0","0","0","4","3","1","14","0","14","3","3","0","19","5","14","0","0","0","4","3","1","13","0","13","2","2","0","2","1","1","0","0","0","0","0","0","1","0","1","1","1","0","846","328","518"
"32","588","0001","627069","0000","000000","KERALA","Kasaragod","VILLAGE","Badaje","Rural","1479","8170","3981","4189","1171","593","578","566","271","295","47","21","26","6208","3225","2983","1962","756","1206","2717","1918","799","2446","1786","660","124","110","14","59","48","11","271","32","239","1992","1596","396","271","132","139","11","6","5","6","4","2","36","2","34","218","120","98","226","119","107","9","5","4","6","4","2","29","1","28","182","109","73","45","13","32","2","1","1","0","0","0","7","1","6","36","11","25","5453","2063","3390"
"32","588","0001","627070","0000","000000","KERALA","Kasaragod","VILLAGE","Mulinja","Rural","751","3841","1803","2038","506","255","251","162","77","85","6","2","4","3041","1484","1557","800","319","481","1015","752","263","805","651","154","27","22","5","23","22","1","4","4","0","751","603","148","210","101","109","6","6","0","14","9","5","39","6","33","151","80","71","125","87","38","5","5","0","7","7","0","7","3","4","106","72","34","85","14","71","1","1","0","7","2","5","32","3","29","45","8","37","2826","1051","1775"
"32","588","0001","627071","0000","000000","KERALA","Kasaragod","VILLAGE","Kodibail","Rural","668","3614","1715","1899","495","257","238","296","150","146","3","2","1","2729","1364","1365","885","351","534","1034","775","259","869","666","203","25","22","3","71","65","6","16","7","9","757","572","185","165","109","56","4","4","0","7","6","1","1","1","0","153","98","55","146","99","47","4","4","0","7","6","1","0","0","0","135","89","46","19","10","9","0","0","0","0","0","0","1","1","0","18","9","9","2580","940","1640"
"32","588","0001","627072","0000","000000","KERALA","Kasaragod","VILLAGE","Ichilangod","Rural","789","4148","1991","2157","602","314","288","191","96","95","4","3","1","3202","1596","1606","946","395","551","1248","816","432","932","653","279","55","44","11","110","91","19","129","10","119","638","508","130","316","163","153","18","5","13","28","20","8","56","5","51","214","133","81","249","123","126","12","2","10","22","17","5","42","5","37","173","99","74","67","40","27","6","3","3","6","3","3","14","0","14","41","34","7","2900","1175","1725"
"32","588","0001","627073","0000","000000","KERALA","Kasaragod","VILLAGE","Heroor","Rural","535","3195","1549","1646","444","209","235","57","31","26","1","0","1","2439","1248","1191","756","301","455","1024","784","240","713","606","107","118","105","13","66","59","7","6","1","5","523","441","82","311","178","133","6","4","2","43","35","8","52","1","51","210","138","72","233","150","83","4","2","2","35","28","7","19","1","18","175","119","56","78","28","50","2","2","0","8","7","1","33","0","33","35","19","16","2171","765","1406"
"32","588","0001","627074","0000","000000","KERALA","Kasaragod","VILLAGE","Kubanoor","Rural","420","2178","1034","1144","290","140","150","418","206","212","0","0","0","1713","849","864","465","185","280","737","485","252","391","292","99","38","35","3","25","20","5","38","9","29","290","228","62","346","193","153","22","16","6","15","13","2","51","9","42","258","155","103","315","179","136","21","16","5","14","12","2","43","8","35","237","143","94","31","14","17","1","0","1","1","1","0","8","1","7","21","12","9","1441","549","892"
"32","588","0001","627075","0000","000000","KERALA","Kasaragod","VILLAGE","Bekoor","Rural","367","1856","884","972","226","117","109","195","96","99","26","15","11","1322","684","638","534","200","334","666","413","253","343","254","89","12","8","4","13","13","0","4","2","2","314","231","83","323","159","164","16","13","3","28","24","4","101","3","98","178","119","59","309","151","158","14","11","3","28","24","4","100","3","97","167","113","54","14","8","6","2","2","0","0","0","0","1","0","1","11","6","5","1190","471","719"
"32","588","0001","627076","0000","000000","KERALA","Kasaragod","VILLAGE","Kayyar","Rural","826","4268","2190","2078","458","229","229","354","184","170","54","29","25","3416","1834","1582","852","356","496","1670","1237","433","1285","969","316","46","43","3","185","176","9","150","5","145","904","745","159","385","268","117","28","23","5","23","21","2","35","10","25","299","214","85","221","165","56","20","16","4","14","13","1","23","7","16","164","129","35","164","103","61","8","7","1","9","8","1","12","3","9","135","85","50","2598","953","1645"
"32","588","0001","627077","0000","000000","KERALA","Kasaragod","VILLAGE","Kudalmarkala","Rural","1249","7081","3548","3533","866","436","430","352","188","164","146","73","73","5509","2901","2608","1572","647","925","2849","1923","926","2294","1631","663","185","167","18","126","120","6","466","22","444","1517","1322","195","555","292","263","19","12","7","158","111","47","102","12","90","276","157","119","480","253","227","18","12","6","152","106","46","82","8","74","228","127","101","75","39","36","1","0","1","6","5","1","20","4","16","48","30","18","4232","1625","2607"
"32","588","0001","627078","0000","000000","KERALA","Kasaragod","VILLAGE","Paivalike","Rural","1605","9034","4458","4576","1111","562","549","413","200","213","74","33","41","6966","3646","3320","2068","812","1256","3449","2271","1178","2789","1894","895","173","137","36","186","165","21","396","26","370","2034","1566","468","660","377","283","17","14","3","11","8","3","81","14","67","551","341","210","591","347","244","16","13","3","11","8","3","78","14","64","486","312","174","69","30","39","1","1","0","0","0","0","3","0","3","65","29","36","5585","2187","3398"
"32","588","0001","627079","0000","000000","KERALA","Kasaragod","VILLAGE","Chippar","Rural","510","2834","1421","1413","302","156","146","198","88","110","15","8","7","2253","1187","1066","581","234","347","1215","807","408","749","661","88","72","64","8","16","16","0","33","11","22","628","570","58","466","146","320","7","7","0","7","7","0","123","4","119","329","128","201","446","139","307","7","7","0","7","7","0","118","3","115","314","122","192","20","7","13","0","0","0","0","0","0","5","1","4","15","6","9","1619","614","1005"
"32","588","0001","627080","0000","000000","KERALA","Kasaragod","VILLAGE","Bayar","Rural","2022","11057","5642","5415","1159","583","576","919","466","453","273","131","142","8961","4801","4160","2096","841","1255","4790","3190","1600","3346","2380","966","97","80","17","208","191","17","310","40","270","2731","2069","662","1444","810","634","13","9","4","39","28","11","215","5","210","1177","768","409","1186","696","490","12","9","3","38","27","11","161","5","156","975","655","320","258","114","144","1","0","1","1","1","0","54","0","54","202","113","89","6267","2452","3815"
"32","588","0001","627081","0000","000000","KERALA","Kasaragod","VILLAGE","Badoor","Rural","960","5536","2684","2852","688","360","328","307","144","163","211","100","111","4461","2226","2235","1075","458","617","2140","1415","725","1617","1184","433","108","95","13","200","177","23","298","28","270","1011","884","127","523","231","292","10","5","5","28","23","5","275","71","204","210","132","78","320","117","203","4","3","1","7","7","0","146","7","139","163","100","63","203","114","89","6","2","4","21","16","5","129","64","65","47","32","15","3396","1269","2127"
"32","588","0001","627082","0000","000000","KERALA","Kasaragod","VILLAGE","Angadimogaru","Rural","456","2552","1221","1331","331","177","154","35","20","15","20","8","12","1988","977","1011","564","244","320","649","499","150","578","457","121","56","53","3","151","147","4","18","3","15","353","254","99","71","42","29","1","1","0","12","6","6","6","1","5","52","34","18","60","38","22","1","1","0","7","4","3","2","0","2","50","33","17","11","4","7","0","0","0","5","2","3","4","1","3","2","1","1","1903","722","1181"
"32","588","0001","627083","0000","000000","KERALA","Kasaragod","VILLAGE","Mugu","Rural","521","2951","1416","1535","372","182","190","123","58","65","27","15","12","2328","1168","1160","623","248","375","1007","688","319","755","614","141","100","95","5","113","102","11","9","0","9","533","417","116","252","74","178","4","3","1","10","8","2","34","0","34","204","63","141","185","68","117","3","3","0","10","8","2","12","0","12","160","57","103","67","6","61","1","0","1","0","0","0","22","0","22","44","6","38","1944","728","1216"
"32","588","0001","627084","0000","000000","KERALA","Kasaragod","VILLAGE","Maire","Rural","936","5080","2514","2566","620","315","305","312","158","154","29","18","11","3904","2043","1861","1176","471","705","1828","1356","472","1297","1036","261","85","80","5","102","98","4","29","6","23","1081","852","229","531","320","211","10","4","6","76","61","15","8","2","6","437","253","184","227","137","90","8","2","6","63","53","10","5","2","3","151","80","71","304","183","121","2","2","0","13","8","5","3","0","3","286","173","113","3252","1158","2094"
"32","588","0001","627085","0000","000000","KERALA","Kasaragod","VILLAGE","Enmakaje","Rural","2432","12697","6344","6353","1297","640","657","631","327","304","120","50","70","10047","5308","4739","2650","1036","1614","5250","3577","1673","4581","3217","1364","235","213","22","422","396","26","555","104","451","3369","2504","865","669","360","309","14","7","7","72","55","17","118","18","100","465","280","185","626","340","286","14","7","7","66","49","17","111","18","93","435","266","169","43","20","23","0","0","0","6","6","0","7","0","7","30","14","16","7447","2767","4680"
"32","588","0001","627086","0000","000000","KERALA","Kasaragod","VILLAGE","Kattukukke","Rural","797","3955","2002","1953","365","193","172","301","165","136","18","11","7","3132","1669","1463","823","333","490","1676","1237","439","1342","1047","295","44","42","2","68","63","5","108","11","97","1122","931","191","334","190","144","10","4","6","31","30","1","27","2","25","266","154","112","202","147","55","9","3","6","20","19","1","15","0","15","158","125","33","132","43","89","1","1","0","11","11","0","12","2","10","108","29","79","2279","765","1514"
"32","588","0001","627087","0000","000000","KERALA","Kasaragod","VILLAGE","Padre","Rural","970","5092","2586","2506","417","215","202","906","461","445","76","47","29","3954","2155","1799","1138","431","707","2529","1651","878","1835","1375","460","81","74","7","78","68","10","230","11","219","1446","1222","224","694","276","418","6","1","5","212","183","29","278","5","273","198","87","111","597","241","356","2","1","1","197","176","21","267","5","262","131","59","72","97","35","62","4","0","4","15","7","8","11","0","11","67","28","39","2563","935","1628"
"32","588","0001","627088","0000","000000","KERALA","Kasaragod","VILLAGE","Badiyadka","Rural","2117","10694","5320","5374","1191","612","579","1315","635","680","112","61","51","8394","4376","4018","2300","944","1356","4524","3042","1482","3499","2468","1031","179","155","24","239","211","28","436","62","374","2645","2040","605","1025","574","451","21","10","11","93","73","20","109","14","95","802","477","325","780","450","330","17","10","7","85","66","19","90","8","82","588","366","222","245","124","121","4","0","4","8","7","1","19","6","13","214","111","103","6170","2278","3892"
"32","588","0001","627089","0000","000000","KERALA","Kasaragod","VILLAGE","Nirchal","Rural","2352","12369","6223","6146","1361","698","663","1707","864","843","167","84","83","9802","5176","4626","2567","1047","1520","4502","3269","1233","3475","2679","796","252","221","31","91","81","10","114","35","79","3018","2342","676","1027","590","437","66","48","18","59","38","21","56","9","47","846","495","351","782","454","328","60","43","17","38","26","12","41","6","35","643","379","264","245","136","109","6","5","1","21","12","9","15","3","12","203","116","87","7867","2954","4913"
"32","588","0001","627090","0000","000000","KERALA","Kasaragod","VILLAGE","Bela","Rural","2275","11144","5445","5699","1186","578","608","900","438","462","84","48","36","8725","4469","4256","2419","976","1443","4236","2953","1283","2741","2054","687","133","117","16","175","149","26","119","27","92","2314","1761","553","1495","899","596","35","17","18","112","81","31","106","30","76","1242","771","471","996","605","391","26","13","13","79","60","19","92","26","66","799","506","293","499","294","205","9","4","5","33","21","12","14","4","10","443","265","178","6908","2492","4416"
"32","588","0001","627091","0000","000000","KERALA","Kasaragod","VILLAGE","Puthige","Rural","928","5441","2852","2589","667","363","304","241","123","118","41","19","22","4344","2375","1969","1097","477","620","1657","1166","491","1067","806","261","63","59","4","169","126","43","169","86","83","666","535","131","590","360","230","13","13","0","96","68","28","181","26","155","300","253","47","544","346","198","12","12","0","88","66","22","167","22","145","277","246","31","46","14","32","1","1","0","8","2","6","14","4","10","23","7","16","3784","1686","2098"
"32","588","0001","627092","0000","000000","KERALA","Kasaragod","VILLAGE","Edanad","Rural","610","2922","1441","1481","318","155","163","311","138","173","6","2","4","2334","1212","1122","588","229","359","1227","791","436","1165","773","392","56","45","11","52","45","7","54","15","39","1003","668","335","62","18","44","4","0","4","2","0","2","1","0","1","55","18","37","47","13","34","3","0","3","2","0","2","1","0","1","41","13","28","15","5","10","1","0","1","0","0","0","0","0","0","14","5","9","1695","650","1045"
"32","588","0001","627093","0000","000000","KERALA","Kasaragod","VILLAGE","Kannur","Rural","445","2421","1183","1238","284","147","137","303","161","142","1","0","1","1923","975","948","498","208","290","865","620","245","533","460","73","76","75","1","125","124","1","4","3","1","328","258","70","332","160","172","16","7","9","21","8","13","1","1","0","294","144","150","287","144","143","16","7","9","20","8","12","1","1","0","250","128","122","45","16","29","0","0","0","1","0","1","0","0","0","44","16","28","1556","563","993"
"32","588","0001","627094","0000","000000","KERALA","Kasaragod","VILLAGE","Kidoor","Rural","493","2569","1300","1269","241","123","118","327","168","159","5","2","3","2009","1066","943","560","234","326","1285","816","469","981","645","336","70","61","9","172","135","37","39","8","31","700","441","259","304","171","133","20","16","4","12","11","1","31","2","29","241","142","99","285","166","119","19","15","4","10","9","1","29","2","27","227","140","87","19","5","14","1","1","0","2","2","0","2","0","2","14","2","12","1284","484","800"
"32","588","0001","627095","0000","000000","KERALA","Kasaragod","VILLAGE","Ujarulvar","Rural","245","1328","591","737","201","92","109","45","22","23","1","0","1","946","451","495","382","140","242","295","227","68","247","208","39","41","40","1","36","30","6","9","7","2","161","131","30","48","19","29","2","2","0","1","0","1","23","0","23","22","17","5","42","17","25","1","1","0","1","0","1","19","0","19","21","16","5","6","2","4","1","1","0","0","0","0","4","0","4","1","1","0","1033","364","669"
"32","588","0001","627096","0000","000000","KERALA","Kasaragod","VILLAGE","Bombrana","Rural","676","3759","1778","1981","493","235","258","550","274","276","2","1","1","2877","1431","1446","882","347","535","1142","794","348","987","743","244","141","116","25","57","53","4","137","18","119","652","556","96","155","51","104","10","5","5","18","11","7","52","6","46","75","29","46","131","46","85","9","5","4","15","10","5","43","5","38","64","26","38","24","5","19","1","0","1","3","1","2","9","1","8","11","3","8","2617","984","1633"
"32","588","0001","627097","0000","000000","KERALA","Kasaragod","VILLAGE","Arikady","Rural","1398","8001","3813","4188","1199","633","566","304","154","150","38","22","16","6110","3020","3090","1891","793","1098","1953","1574","379","1478","1235","243","112","86","26","140","97","43","49","19","30","1177","1033","144","475","339","136","5","4","1","42","31","11","16","3","13","412","301","111","373","264","109","3","3","0","40","29","11","12","2","10","318","230","88","102","75","27","2","1","1","2","2","0","4","1","3","94","71","23","6048","2239","3809"
"32","588","0001","627098","0000","000000","KERALA","Kasaragod","VILLAGE","Ichilampady","Rural","694","4001","1912","2089","552","278","274","81","37","44","9","3","6","3069","1522","1547","932","390","542","1222","907","315","950","759","191","53","52","1","25","23","2","109","8","101","763","676","87","272","148","124","23","23","0","34","24","10","104","4","100","111","97","14","185","105","80","16","16","0","25","18","7","66","3","63","78","68","10","87","43","44","7","7","0","9","6","3","38","1","37","33","29","4","2779","1005","1774"
"32","588","0001","627106","0000","000000","KERALA","Kasaragod","VILLAGE","Ubrangala","Rural","702","3611","1782","1829","389","190","199","459","218","241","13","7","6","2822","1475","1347","789","307","482","1634","1024","610","1074","743","331","12","8","4","3","2","1","51","7","44","1008","726","282","560","281","279","5","2","3","0","0","0","21","3","18","534","276","258","336","180","156","5","2","3","0","0","0","19","3","16","312","175","137","224","101","123","0","0","0","0","0","0","2","0","2","222","101","121","1977","758","1219"
"32","588","0001","627107","0000","000000","KERALA","Kasaragod","VILLAGE","Kumbadaje","Rural","2085","11161","5588","5573","1329","664","665","1032","533","499","25","13","12","8478","4512","3966","2683","1076","1607","4574","3127","1447","3945","2811","1134","312","264","48","367","308","59","273","21","252","2993","2218","775","629","316","313","22","15","7","34","15","19","44","3","41","529","283","246","432","236","196","18","15","3","23","12","11","40","2","38","351","207","144","197","80","117","4","0","4","11","3","8","4","1","3","178","76","102","6587","2461","4126"
"32","588","0001","627108","0000","000000","KERALA","Kasaragod","VILLAGE","Nettanige","Rural","1301","6305","3183","3122","611","315","296","896","439","457","43","18","25","4819","2590","2229","1486","593","893","2941","1895","1046","2366","1635","731","140","104","36","132","90","42","322","37","285","1772","1404","368","575","260","315","16","9","7","19","9","10","74","3","71","466","239","227","407","157","250","11","7","4","14","8","6","69","1","68","313","141","172","168","103","65","5","2","3","5","1","4","5","2","3","153","98","55","3364","1288","2076"
"32","588","0001","627109","0000","000000","KERALA","Kasaragod","VILLAGE","Bellur","Rural","773","3936","1929","2007","483","240","243","812","395","417","12","4","8","2926","1516","1410","1010","413","597","1866","1103","763","1286","905","381","64","39","25","209","143","66","148","15","133","865","708","157","580","198","382","19","8","11","79","55","24","166","1","165","316","134","182","236","54","182","10","4","6","10","6","4","115","0","115","101","44","57","344","144","200","9","4","5","69","49","20","51","1","50","215","90","125","2070","826","1244"
"32","588","0001","627121","0000","000000","KERALA","Kasaragod","TOWN","Kunjathur (CT)","Urban","2634","13633","6729","6904","1676","851","825","197","99","98","260","119","141","10786","5577","5209","2847","1152","1695","5129","3566","1563","4387","3153","1234","94","62","32","108","89","19","416","81","335","3769","2921","848","742","413","329","26","12","14","6","2","4","59","5","54","651","394","257","625","340","285","26","12","14","6","2","4","42","2","40","551","324","227","117","73","44","0","0","0","0","0","0","17","3","14","100","70","30","8504","3163","5341"
"32","588","0001","627122","0000","000000","KERALA","Kasaragod","TOWN","Manjeshwar (CT)","Urban","1681","8742","4178","4564","1149","576","573","399","179","220","28","12","16","7055","3513","3542","1687","665","1022","2808","2024","784","1976","1460","516","33","28","5","24","20","4","238","54","184","1681","1358","323","832","564","268","4","3","1","22","18","4","141","8","133","665","535","130","718","509","209","3","3","0","18","15","3","91","8","83","606","483","123","114","55","59","1","0","1","4","3","1","50","0","50","59","52","7","5934","2154","3780"
"32","588","0001","627123","0000","000000","KERALA","Kasaragod","TOWN","Hosabettu (CT)","Urban","927","5179","2591","2588","677","375","302","170","84","86","1","1","0","4035","2074","1961","1144","517","627","1869","1341","528","1764","1272","492","11","10","1","6","4","2","163","16","147","1584","1242","342","105","69","36","1","0","1","0","0","0","3","0","3","101","69","32","86","56","30","1","0","1","0","0","0","1","0","1","84","56","28","19","13","6","0","0","0","0","0","0","2","0","2","17","13","4","3310","1250","2060"
"32","588","0001","627124","0000","000000","KERALA","Kasaragod","TOWN","Bangra Manjeshwar (CT)","Urban","1041","5791","2841","2950","696","368","328","452","217","235","25","14","11","4687","2387","2300","1104","454","650","2131","1511","620","1698","1234","464","12","12","0","6","6","0","133","24","109","1547","1192","355","433","277","156","15","5","10","8","5","3","6","2","4","404","265","139","346","221","125","13","3","10","6","3","3","6","2","4","321","213","108","87","56","31","2","2","0","2","2","0","0","0","0","83","52","31","3660","1330","2330"
"32","588","0001","627125","0000","000000","KERALA","Kasaragod","TOWN","Uppala (CT)","Urban","2282","11542","5448","6094","1594","854","740","386","203","183","38","22","16","9070","4386","4684","2472","1062","1410","2954","2243","711","2698","2081","617","12","11","1","18","17","1","97","38","59","2571","2015","556","256","162","94","5","3","2","4","4","0","4","2","2","243","153","90","219","137","82","4","2","2","2","2","0","2","1","1","211","132","79","37","25","12","1","1","0","2","2","0","2","1","1","32","21","11","8588","3205","5383"
"32","588","0001","627126","0000","000000","KERALA","Kasaragod","TOWN","Mangalpady (CT)","Urban","2432","12790","6209","6581","1728","889","839","776","400","376","62","26","36","10070","5063","5007","2720","1146","1574","4026","2740","1286","3352","2372","980","59","48","11","73","65","8","241","72","169","2979","2187","792","674","368","306","11","4","7","15","4","11","42","6","36","606","354","252","606","327","279","6","3","3","13","3","10","38","6","32","549","315","234","68","41","27","5","1","4","2","1","1","4","0","4","57","39","18","8764","3469","5295"
"32","588","0001","627127","0000","000000","KERALA","Kasaragod","TOWN","Shiriya (CT)","Urban","974","5277","2403","2874","818","389","429","198","100","98","24","11","13","3866","1877","1989","1411","526","885","1242","863","379","1121","819","302","35","34","1","29","27","2","147","15","132","910","743","167","121","44","77","0","0","0","2","1","1","12","1","11","107","42","65","102","38","64","0","0","0","1","1","0","10","1","9","91","36","55","19","6","13","0","0","0","1","0","1","2","0","2","16","6","10","4035","1540","2495"
"32","588","0001","627128","0000","000000","KERALA","Kasaragod","TOWN","Koipady (CT)","Urban","3541","18121","9012","9109","2006","1038","968","882","417","465","217","110","107","14504","7484","7020","3617","1528","2089","7098","4996","2102","5855","4370","1485","56","51","5","128","96","32","549","250","299","5122","3973","1149","1243","626","617","6","3","3","115","74","41","120","20","100","1002","529","473","888","505","383","5","3","2","95","64","31","90","15","75","698","423","275","355","121","234","1","0","1","20","10","10","30","5","25","304","106","198","11023","4016","7007"
"32","588","0001","627129","0000","000000","KERALA","Kasaragod","TOWN","Mogral (CT)","Urban","1627","8912","4223","4689","1339","694","645","321","157","164","33","21","12","6804","3319","3485","2108","904","1204","2056","1732","324","1697","1458","239","29","26","3","150","136","14","20","6","14","1498","1290","208","359","274","85","8","8","0","18","18","0","49","4","45","284","244","40","314","237","77","7","7","0","15","15","0","43","3","40","249","212","37","45","37","8","1","1","0","3","3","0","6","1","5","35","32","3","6856","2491","4365"
"32","588","0002","000000","0000","000000","KERALA","Kasaragod","CD BLOCK","Kasaragod","Total","60051","299700","145305","154395","38288","19546","18742","13179","6585","6594","9720","4762","4958","233564","117149","116415","66136","28156","37980","101110","74202","26908","79988","62078","17910","5075","3880","1195","3854","2959","895","2490","937","1553","68569","54302","14267","21122","12124","8998","816","521","295","1406","964","442","1034","226","808","17866","10413","7453","16430","9660","6770","691","441","250","1165","817","348","815","176","639","13759","8226","5533","4692","2464","2228","125","80","45","241","147","94","219","50","169","4107","2187","1920","198590","71103","127487"
"32","588","0002","000000","0000","000000","KERALA","Kasaragod","CD BLOCK","Kasaragod","Rural","42334","208968","101539","107429","25994","13178","12816","9459","4716","4743","9238","4619","4619","161234","81530","79704","47734","20009","27725","73108","53145","19963","56268","43748","12520","4572","3432","1140","3169","2359","810","1621","681","940","46906","37276","9630","16840","9397","7443","716","451","265","1102","727","375","854","195","659","14168","8024","6144","12990","7419","5571","607","380","227","919","620","299","677","150","527","10787","6269","4518","3850","1978","1872","109","71","38","183","107","76","177","45","132","3381","1755","1626","135860","48394","87466"
"32","588","0002","000000","0000","000000","KERALA","Kasaragod","CD BLOCK","Kasaragod","Urban","17717","90732","43766","46966","12294","6368","5926","3720","1869","1851","482","143","339","72330","35619","36711","18402","8147","10255","28002","21057","6945","23720","18330","5390","503","448","55","685","600","85","869","256","613","21663","17026","4637","4282","2727","1555","100","70","30","304","237","67","180","31","149","3698","2389","1309","3440","2241","1199","84","61","23","246","197","49","138","26","112","2972","1957","1015","842","486","356","16","9","7","58","40","18","42","5","37","726","432","294","62730","22709","40021"
"32","588","0002","627099","0000","000000","KERALA","Kasaragod","VILLAGE","Patla","Rural","982","5481","2660","2821","784","399","385","307","152","155","12","6","6","4344","2166","2178","1137","494","643","1684","1245","439","1282","1026","256","145","120","25","173","163","10","30","18","12","934","725","209","402","219","183","10","6","4","11","8","3","26","3","23","355","202","153","276","163","113","8","4","4","8","5","3","7","2","5","253","152","101","126","56","70","2","2","0","3","3","0","19","1","18","102","50","52","3797","1415","2382"
"32","588","0002","627100","0000","000000","KERALA","Kasaragod","VILLAGE","Kalnad","Rural","3351","18029","8386","9643","2713","1347","1366","166","84","82","22","11","11","13975","6672","7303","4054","1714","2340","4738","3650","1088","4072","3298","774","95","76","19","128","104","24","106","69","37","3743","3049","694","666","352","314","57","26","31","32","24","8","28","18","10","549","284","265","512","291","221","52","22","30","25","19","6","19","13","6","416","237","179","154","61","93","5","4","1","7","5","2","9","5","4","133","47","86","13291","4736","8555"
"32","588","0002","627101","0000","000000","KERALA","Kasaragod","VILLAGE","Perumbala","Rural","1677","8096","3789","4307","1049","516","533","148","75","73","7","3","4","6310","3071","3239","1786","718","1068","2447","1767","680","1775","1442","333","135","123","12","81","69","12","72","64","8","1487","1186","301","672","325","347","34","20","14","37","21","16","30","12","18","571","272","299","527","267","260","33","20","13","31","18","13","11","5","6","452","224","228","145","58","87","1","0","1","6","3","3","19","7","12","119","48","71","5649","2022","3627"
"32","588","0002","627102","0000","000000","KERALA","Kasaragod","VILLAGE","Thekkil","Rural","2822","14299","6852","7447","1960","979","981","574","278","296","11","7","4","10856","5461","5395","3443","1391","2052","4217","3261","956","3374","2747","627","291","264","27","171","152","19","174","75","99","2738","2256","482","843","514","329","46","23","23","67","53","14","20","3","17","710","435","275","721","441","280","46","23","23","50","41","9","16","3","13","609","374","235","122","73","49","0","0","0","17","12","5","4","0","4","101","61","40","10082","3591","6491"
"32","588","0002","627103","0000","000000","KERALA","Kasaragod","VILLAGE","Muttathody","Rural","3846","20658","10057","10601","3198","1555","1643","634","321","313","58","31","27","15902","7988","7914","4756","2069","2687","5132","4423","709","4253","3747","506","155","141","14","76","73","3","130","71","59","3892","3462","430","879","676","203","39","34","5","126","116","10","34","9","25","680","517","163","723","570","153","31","27","4","110","105","5","28","8","20","554","430","124","156","106","50","8","7","1","16","11","5","6","1","5","126","87","39","15526","5634","9892"
"32","588","0002","627104","0000","000000","KERALA","Kasaragod","VILLAGE","Pady","Rural","1564","8016","3928","4088","991","489","502","437","241","196","9","3","6","6193","3190","3003","1823","738","1085","2873","2078","795","2297","1798","499","111","93","18","105","84","21","27","16","11","2054","1605","449","576","280","296","15","8","7","8","7","1","55","9","46","498","256","242","400","218","182","10","7","3","7","6","1","37","7","30","346","198","148","176","62","114","5","1","4","1","1","0","18","2","16","152","58","94","5143","1850","3293"
"32","588","0002","627105","0000","000000","KERALA","Kasaragod","VILLAGE","Nekraje","Rural","2428","12519","6110","6409","1665","889","776","837","412","425","14","8","6","9322","4746","4576","3197","1364","1833","4223","3122","1101","3597","2834","763","213","185","28","153","124","29","185","32","153","3046","2493","553","626","288","338","15","6","9","48","29","19","118","39","79","445","214","231","460","178","282","13","5","8","30","19","11","96","27","69","321","127","194","166","110","56","2","1","1","18","10","8","22","12","10","124","87","37","8296","2988","5308"
"32","588","0002","627110","0000","000000","KERALA","Kasaragod","VILLAGE","Adhur","Rural","2107","11598","5842","5756","1391","715","676","1048","546","502","99","51","48","9048","4782","4266","2550","1060","1490","4322","3262","1060","2978","2378","600","218","144","74","123","97","26","134","39","95","2503","2098","405","1344","884","460","52","35","17","78","57","21","67","18","49","1147","774","373","1186","789","397","44","30","14","70","50","20","65","18","47","1007","691","316","158","95","63","8","5","3","8","7","1","2","0","2","140","83","57","7276","2580","4696"
"32","588","0002","627111","0000","000000","KERALA","Kasaragod","VILLAGE","Karadka","Rural","2158","9613","4693","4920","930","465","465","902","451","451","65","29","36","7784","3987","3797","1829","706","1123","4150","2714","1436","2445","1908","537","80","64","16","69","60","9","68","13","55","2228","1771","457","1705","806","899","22","15","7","63","34","29","128","8","120","1492","749","743","1309","656","653","20","13","7","38","25","13","119","8","111","1132","610","522","396","150","246","2","2","0","25","9","16","9","0","9","360","139","221","5463","1979","3484"
"32","588","0002","627112","0000","000000","KERALA","Kasaragod","VILLAGE","Muliyar","Rural","4980","25095","12248","12847","3106","1604","1502","2022","1003","1019","84","36","48","19507","9890","9617","5588","2358","3230","8390","6308","2082","5839","4712","1127","446","368","78","149","116","33","77","39","38","5167","4189","978","2551","1596","955","103","85","18","50","33","17","60","24","36","2338","1454","884","1759","1130","629","89","72","17","44","30","14","35","17","18","1591","1011","580","792","466","326","14","13","1","6","3","3","25","7","18","747","443","304","16705","5940","10765"
"32","588","0002","627113","0000","000000","KERALA","Kasaragod","VILLAGE","Kolathur","Rural","1331","5780","2710","3070","645","310","335","72","31","41","353","170","183","4467","2191","2276","1313","519","794","2398","1573","825","1801","1302","499","147","127","20","120","89","31","38","9","29","1496","1077","419","597","271","326","29","19","10","32","15","17","11","2","9","525","235","290","428","209","219","20","12","8","18","6","12","10","2","8","380","189","191","169","62","107","9","7","2","14","9","5","1","0","1","145","46","99","3382","1137","2245"
"32","588","0002","627114","0000","000000","KERALA","Kasaragod","VILLAGE","Bedadka","Rural","2985","13476","6460","7016","1473","779","694","295","141","154","1279","658","621","10406","5145","5261","3070","1315","1755","5451","3663","1788","4491","3308","1183","318","265","53","430","310","120","251","111","140","3492","2622","870","960","355","605","24","16","8","79","35","44","48","12","36","809","292","517","846","314","532","22","15","7","72","33","39","40","10","30","712","256","456","114","41","73","2","1","1","7","2","5","8","2","6","97","36","61","8025","2797","5228"
"32","588","0002","627115","0000","000000","KERALA","Kasaragod","VILLAGE","Munnad","Rural","1989","8612","4111","4501","887","448","439","35","14","21","1716","868","848","6568","3284","3284","2044","827","1217","3641","2408","1233","3058","2125","933","293","192","101","408","235","173","43","28","15","2314","1670","644","583","283","300","36","23","13","38","25","13","26","9","17","483","226","257","513","250","263","27","17","10","22","13","9","22","8","14","442","212","230","70","33","37","9","6","3","16","12","4","4","1","3","41","14","27","4971","1703","3268"
"32","588","0002","627116","0000","000000","KERALA","Kasaragod","VILLAGE","Kuttikole","Rural","1657","7057","3444","3613","733","380","353","26","14","12","1480","734","746","5501","2791","2710","1556","653","903","2868","1945","923","2558","1814","744","254","158","96","310","187","123","73","36","37","1921","1433","488","310","131","179","20","9","11","16","10","6","14","4","10","260","108","152","243","104","139","18","9","9","12","7","5","11","3","8","202","85","117","67","27","40","2","0","2","4","3","1","3","1","2","58","23","35","4189","1499","2690"
"32","588","0002","627117","0000","000000","KERALA","Kasaragod","VILLAGE","Karivedakam","Rural","2237","10042","4996","5046","1180","615","565","23","8","15","1681","823","858","7926","4057","3869","2116","939","1177","3713","2749","964","2387","1835","552","422","282","140","56","40","16","14","11","3","1895","1502","393","1326","914","412","65","37","28","189","132","57","30","8","22","1042","737","305","1027","721","306","60","35","25","182","127","55","26","7","19","759","552","207","299","193","106","5","2","3","7","5","2","4","1","3","283","185","98","6329","2247","4082"
"32","588","0002","627118","0000","000000","KERALA","Kasaragod","VILLAGE","Bandadka","Rural","1849","7824","3893","3931","791","386","405","116","63","53","1341","678","663","6144","3194","2950","1680","699","981","3474","2420","1054","2238","1701","537","237","143","94","164","119","45","20","2","18","1817","1437","380","1236","719","517","51","28","23","143","86","57","26","4","22","1016","601","415","908","576","332","31","18","13","137","84","53","25","4","21","715","470","245","328","143","185","20","10","10","6","2","4","1","0","1","301","131","170","4350","1473","2877"
"32","588","0002","627119","0000","000000","KERALA","Kasaragod","VILLAGE","Adoor","Rural","3057","15482","7667","7815","1710","911","799","994","479","515","749","373","376","11458","5958","5500","4024","1709","2315","6412","4379","2033","5770","4155","1615","708","461","247","320","229","91","161","43","118","4581","3422","1159","642","224","418","45","20","25","34","17","17","61","13","48","502","174","328","455","172","283","36","16","20","14","8","6","38","8","30","367","140","227","187","52","135","9","4","5","20","9","11","23","5","18","135","34","101","9070","3288","5782"
"32","588","0002","627120","0000","000000","KERALA","Kasaragod","VILLAGE","Delampady","Rural","1314","7291","3693","3598","788","391","397","823","403","420","258","130","128","5523","2957","2566","1768","736","1032","2975","2178","797","2053","1618","435","304","226","78","133","108","25","18","5","13","1598","1279","319","922","560","362","53","41","12","51","25","26","72","0","72","746","494","252","697","370","327","47","35","12","49","24","25","72","0","72","529","311","218","225","190","35","6","6","0","2","1","1","0","0","0","217","183","34","4316","1515","2801"
"32","588","0002","627130","0000","000000","KERALA","Kasaragod","TOWN","Puthur (CT)","Urban","2659","14271","6749","7522","2050","1036","1014","780","408","372","25","13","12","10969","5363","5606","3302","1386","1916","4023","3032","991","3449","2690","759","64","58","6","145","134","11","223","32","191","3017","2466","551","574","342","232","14","10","4","41","35","6","40","2","38","479","295","184","486","283","203","12","10","2","27","22","5","34","2","32","413","249","164","88","59","29","2","0","2","14","13","1","6","0","6","66","46","20","10248","3717","6531"
"32","588","0002","627131","0000","000000","KERALA","Kasaragod","TOWN","Shiribagilu (CT)","Urban","1449","7630","3757","3873","944","495","449","314","159","155","89","35","54","5955","3045","2910","1675","712","963","2518","1883","635","1757","1358","399","95","86","9","84","77","7","64","21","43","1514","1174","340","761","525","236","28","19","9","115","100","15","19","2","17","599","404","195","581","424","157","26","18","8","91","81","10","11","1","10","453","324","129","180","101","79","2","1","1","24","19","5","8","1","7","146","80","66","5112","1874","3238"
"32","588","0002","627132","0000","000000","KERALA","Kasaragod","TOWN","Madhur (CT)","Urban","2526","12685","6218","6467","1783","942","841","808","436","372","31","14","17","9862","4950","4912","2823","1268","1555","4140","3018","1122","3763","2801","962","132","126","6","99","82","17","32","20","12","3500","2573","927","377","217","160","1","1","0","5","2","3","29","1","28","342","213","129","268","161","107","0","0","0","4","2","2","10","1","9","254","158","96","109","56","53","1","1","0","1","0","1","19","0","19","88","55","33","8545","3200","5345"
"32","588","0002","627133","0000","000000","KERALA","Kasaragod","TOWN","Kudlu (CT)","Urban","5545","26235","12682","13553","3148","1609","1539","1040","519","521","77","41","36","21705","10701","11004","4530","1981","2549","8978","6444","2534","7624","5581","2043","82","64","18","99","83","16","405","111","294","7038","5323","1715","1354","863","491","26","19","7","34","21","13","57","8","49","1237","815","422","1171","743","428","26","19","7","26","16","10","53","7","46","1066","701","365","183","120","63","0","0","0","8","5","3","4","1","3","171","114","57","17257","6238","11019"
"32","588","0002","627134","0000","000000","KERALA","Kasaragod","TOWN","Chengala (CT)","Urban","2791","15588","7698","7890","2340","1226","1114","390","196","194","27","17","10","12229","6159","6070","3359","1539","1820","4495","3726","769","3831","3248","583","73","62","11","123","103","20","117","54","63","3518","3029","489","664","478","186","23","15","8","34","22","12","25","14","11","582","427","155","491","365","126","14","9","5","29","21","8","21","11","10","427","324","103","173","113","60","9","6","3","5","1","4","4","3","1","155","103","52","11093","3972","7121"
"32","588","0002","627135","0000","000000","KERALA","Kasaragod","TOWN","Chemnad (CT)","Urban","2747","14323","6662","7661","2029","1060","969","388","151","237","233","23","210","11610","5401","6209","2713","1261","1452","3848","2954","894","3296","2652","644","57","52","5","135","121","14","28","18","10","3076","2461","615","552","302","250","8","6","2","75","57","18","10","4","6","459","235","224","443","265","178","6","5","1","69","55","14","9","4","5","359","201","158","109","37","72","2","1","1","6","2","4","1","0","1","100","34","66","10475","3708","6767"
"32","588","0003","000000","0000","000000","KERALA","Kasaragod","CD BLOCK","Kanhangad","Total","63068","280908","133313","147595","32447","16563","15884","4614","2293","2321","24349","11827","12522","219922","108238","111684","60986","25075","35911","100296","69271","31025","79491","58327","21164","6567","4945","1622","7929","5219","2710","2000","884","1116","62995","47279","15716","20805","10944","9861","941","570","371","3729","1894","1835","683","226","457","15452","8254","7198","16504","8940","7564","779","482","297","2886","1512","1374","539","176","363","12300","6770","5530","4301","2004","2297","162","88","74","843","382","461","144","50","94","3152","1484","1668","180612","64042","116570"
"32","588","0003","000000","0000","000000","KERALA","Kasaragod","CD BLOCK","Kanhangad","Rural","47063","202841","97340","105501","22025","11349","10676","2447","1220","1227","23937","11620","12317","159750","79515","80235","43091","17825","25266","78418","53069","25349","61110","44131","16979","6229","4651","1578","6839","4421","2418","1585","700","885","46457","34359","12098","17308","8938","8370","878","536","342","3515","1785","1730","533","177","356","12382","6440","5942","13860","7432","6428","730","452","278","2709","1423","1286","412","137","275","10009","5420","4589","3448","1506","1942","148","84","64","806","362","444","121","40","81","2373","1020","1353","124423","44271","80152"
"32","588","0003","000000","0000","000000","KERALA","Kasaragod","CD BLOCK","Kanhangad","Urban","16005","78067","35973","42094","10422","5214","5208","2167","1073","1094","412","207","205","60172","28723","31449","17895","7250","10645","21878","16202","5676","18381","14196","4185","338","294","44","1090","798","292","415","184","231","16538","12920","3618","3497","2006","1491","63","34","29","214","109","105","150","49","101","3070","1814","1256","2644","1508","1136","49","30","19","177","89","88","127","39","88","2291","1350","941","853","498","355","14","4","10","37","20","17","23","10","13","779","464","315","56189","19771","36418"
"32","588","0003","627136","0000","000000","KERALA","Kasaragod","VILLAGE","Pallikkara II","Rural","3106","16618","7756","8862","2091","1161","930","226","113","113","46","19","27","13567","6357","7210","3051","1399","1652","5304","3577","1727","4648","3204","1444","519","275","244","132","98","34","166","61","105","3831","2770","1061","656","373","283","67","56","11","76","60","16","24","16","8","489","241","248","540","318","222","54","45","9","67","56","11","18","12","6","401","205","196","116","55","61","13","11","2","9","4","5","6","4","2","88","36","52","11314","4179","7135"
"32","588","0003","627137","0000","000000","KERALA","Kasaragod","VILLAGE","Panayal","Rural","4291","19186","9053","10133","2268","1147","1121","507","258","249","834","427","407","15120","7378","7742","4066","1675","2391","7054","4838","2216","5869","4210","1659","981","674","307","523","344","179","356","123","233","4009","3069","940","1185","628","557","115","73","42","198","108","90","30","7","23","842","440","402","1006","559","447","93","60","33","171","101","70","28","7","21","714","391","323","179","69","110","22","13","9","27","7","20","2","0","2","128","49","79","12132","4215","7917"
"32","588","0003","627138","0000","000000","KERALA","Kasaragod","VILLAGE","Chithari","Rural","3308","16074","7588","8486","1978","1053","925","254","128","126","311","153","158","12754","6202","6552","3320","1386","1934","5575","3736","1839","5105","3505","1600","561","312","249","260","183","77","117","19","98","4167","2991","1176","470","231","239","21","10","11","56","12","44","19","5","14","374","204","170","283","147","136","13","6","7","20","8","12","13","4","9","237","129","108","187","84","103","8","4","4","36","4","32","6","1","5","137","75","62","10499","3852","6647"
"32","588","0003","627139","0000","000000","KERALA","Kasaragod","VILLAGE","Periya","Rural","3100","14077","6718","7359","1494","751","743","294","146","148","1765","864","901","11285","5585","5700","2792","1133","1659","5441","3559","1882","4264","3011","1253","854","645","209","754","420","334","181","89","92","2475","1857","618","1177","548","629","81","42","39","211","107","104","53","16","37","832","383","449","1019","477","542","75","39","36","164","86","78","32","8","24","748","344","404","158","71","87","6","3","3","47","21","26","21","8","13","84","39","45","8636","3159","5477"
"32","588","0003","627140","0000","000000","KERALA","Kasaragod","VILLAGE","Pullur","Rural","3667","15565","7436","8129","1663","875","788","155","77","78","1224","602","622","12232","6058","6174","3333","1378","1955","6406","4144","2262","5382","3691","1691","604","391","213","452","260","192","230","94","136","4096","2946","1150","1024","453","571","64","34","30","116","48","68","40","12","28","804","359","445","825","370","455","54","29","25","96","45","51","26","9","17","649","287","362","199","83","116","10","5","5","20","3","17","14","3","11","155","72","83","9159","3292","5867"
"32","588","0003","627141","0000","000000","KERALA","Kasaragod","VILLAGE","Bellur","Rural","2938","12181","5837","6344","1274","672","602","98","47","51","1615","768","847","9226","4645","4581","2955","1192","1763","4951","3335","1616","3904","2883","1021","450","371","79","273","215","58","83","54","29","3098","2243","855","1047","452","595","56","13","43","144","82","62","42","6","36","805","351","454","834","393","441","52","11","41","134","76","58","40","6","34","608","300","308","213","59","154","4","2","2","10","6","4","2","0","2","197","51","146","7230","2502","4728"
"32","588","0003","627142","0000","000000","KERALA","Kasaragod","VILLAGE","Kodom","Rural","1659","6915","3341","3574","720","353","367","52","23","29","1532","741","791","5037","2553","2484","1878","788","1090","2983","1911","1072","1788","1379","409","242","220","22","197","135","62","7","4","3","1342","1020","322","1195","532","663","70","34","36","339","158","181","22","7","15","764","333","431","943","455","488","61","31","30","285","141","144","19","7","12","578","276","302","252","77","175","9","3","6","54","17","37","3","0","3","186","57","129","3932","1430","2502"
"32","588","0003","627143","0000","000000","KERALA","Kasaragod","VILLAGE","Kallar","Rural","4691","19414","9493","9921","2137","1070","1067","121","54","67","3619","1757","1862","15038","7706","7332","4376","1787","2589","7324","5158","2166","5399","4039","1360","324","287","37","491","344","147","82","69","13","4502","3339","1163","1925","1119","806","88","59","29","342","199","143","67","30","37","1428","831","597","1324","786","538","69","42","27","220","123","97","42","17","25","993","604","389","601","333","268","19","17","2","122","76","46","25","13","12","435","227","208","12090","4335","7755"
"32","588","0003","627144","0000","000000","KERALA","Kasaragod","VILLAGE","Panathady","Rural","5563","22976","11319","11657","2384","1225","1159","280","140","140","2277","1104","1173","17962","9227","8735","5014","2092","2922","8749","6267","2482","6170","4749","1421","356","323","33","689","499","190","54","38","16","5071","3889","1182","2579","1518","1061","57","45","12","542","293","249","24","11","13","1956","1169","787","1972","1222","750","51","42","9","370","207","163","19","10","9","1532","963","569","607","296","311","6","3","3","172","86","86","5","1","4","424","206","218","14227","5052","9175"
"32","588","0003","627145","0000","000000","KERALA","Kasaragod","VILLAGE","Balal","Rural","2415","9936","4885","5051","978","500","478","57","26","31","2729","1359","1370","7853","3972","3881","2083","913","1170","3946","2789","1157","3448","2536","912","124","103","21","291","189","102","5","4","1","3028","2240","788","498","253","245","6","5","1","111","70","41","3","2","1","378","176","202","387","192","195","6","5","1","49","32","17","3","2","1","329","153","176","111","61","50","0","0","0","62","38","24","0","0","0","49","23","26","5990","2096","3894"
"32","588","0003","627146","0000","000000","KERALA","Kasaragod","VILLAGE","Maloth (Part)","Rural","2798","11390","5674","5716","1126","581","545","29","15","14","2629","1290","1339","9094","4631","4463","2296","1043","1253","4797","3267","1530","3737","2740","997","396","333","63","509","330","179","9","8","1","2823","2069","754","1060","527","533","45","27","18","116","60","56","1","0","1","898","440","458","943","487","456","33","22","11","93","48","45","1","0","1","816","417","399","117","40","77","12","5","7","23","12","11","0","0","0","82","23","59","6593","2407","4186"
"32","588","0003","627151","0000","000000","KERALA","Kasaragod","VILLAGE","Parappa (Part)","Rural","1083","4504","2136","2368","495","238","257","18","9","9","1296","611","685","3443","1717","1726","1061","419","642","1720","1275","445","1467","1135","332","172","161","11","363","240","123","18","12","6","914","722","192","253","140","113","14","8","6","127","76","51","6","4","2","106","52","54","203","109","94","13","7","6","99","56","43","1","1","0","90","45","45","50","31","19","1","1","0","28","20","8","5","3","2","16","7","9","2784","861","1923"
"32","588","0003","627152","0000","000000","KERALA","Kasaragod","VILLAGE","Thayanur","Rural","2917","11955","5737","6218","1193","589","604","31","17","14","2796","1307","1489","9713","4846","4867","2242","891","1351","4795","3347","1448","3418","2656","762","304","270","34","918","620","298","57","35","22","2139","1731","408","1377","691","686","70","37","33","446","185","261","38","6","32","823","463","360","1039","578","461","45","27","18","364","160","204","18","5","13","612","386","226","338","113","225","25","10","15","82","25","57","20","1","19","211","77","134","7160","2390","4770"
"32","588","0003","627153","0000","000000","KERALA","Kasaragod","VILLAGE","Ambalathara","Rural","2217","9120","4268","4852","922","476","446","148","68","80","708","348","360","7043","3500","3543","2077","768","1309","3777","2374","1403","2802","1912","890","157","135","22","377","224","153","21","10","11","2247","1543","704","975","462","513","58","42","16","284","134","150","35","2","33","598","284","314","899","442","457","54","39","15","267","133","134","35","2","33","543","268","275","76","20","56","4","3","1","17","1","16","0","0","0","55","16","39","5343","1894","3449"
"32","588","0003","627154","0000","000000","KERALA","Kasaragod","VILLAGE","Madikai","Rural","3310","12930","6099","6831","1302","658","644","177","99","78","556","270","286","10383","5138","5245","2547","961","1586","5596","3492","2104","3709","2481","1228","185","151","34","610","320","290","199","80","119","2715","1930","785","1887","1011","876","66","51","15","407","193","214","129","53","76","1285","714","571","1643","897","746","57","47","10","310","151","159","117","47","70","1159","652","507","244","114","130","9","4","5","97","42","55","12","6","6","126","62","64","7334","2607","4727"
"32","588","0003","627165","0000","000000","KERALA","Kasaragod","TOWN","Bare (CT)","Urban","2744","12804","5970","6834","1597","813","784","1007","514","493","32","10","22","9909","4792","5117","2895","1178","1717","3684","2856","828","3095","2503","592","144","136","8","239","206","33","93","29","64","2619","2132","487","589","353","236","17","15","2","70","44","26","12","1","11","490","293","197","547","330","217","14","13","1","64","39","25","12","1","11","457","277","180","42","23","19","3","2","1","6","5","1","0","0","0","33","16","17","9120","3114","6006"
"32","588","0003","627166","0000","000000","KERALA","Kasaragod","TOWN","Udma (CT)","Urban","1669","8115","3593","4522","1072","523","549","35","10","25","8","4","4","6359","2912","3447","1756","681","1075","2089","1512","577","1623","1228","395","23","19","4","56","51","5","27","10","17","1517","1148","369","466","284","182","6","5","1","36","22","14","14","9","5","410","248","162","288","183","105","6","5","1","22","13","9","4","3","1","256","162","94","178","101","77","0","0","0","14","9","5","10","6","4","154","86","68","6026","2081","3945"
"32","588","0003","627167","0000","000000","KERALA","Kasaragod","TOWN","Pallikkara (CT)","Urban","2734","14334","6611","7723","2159","1075","1084","433","213","220","110","55","55","10842","5131","5711","3492","1480","2012","2999","2532","467","2779","2393","386","52","51","1","99","89","10","60","27","33","2568","2226","342","220","139","81","13","5","8","13","11","2","8","1","7","186","122","64","181","118","63","13","5","8","12","10","2","3","1","2","153","102","51","39","21","18","0","0","0","1","1","0","5","0","5","33","20","13","11335","4079","7256"
"32","588","0003","627168","0000","000000","KERALA","Kasaragod","TOWN","Keekan (CT)","Urban","1831","9735","4435","5300","1472","736","736","26","15","11","26","18","8","7271","3433","3838","2464","1002","1462","2233","1743","490","1743","1410","333","33","32","1","62","36","26","45","25","20","1603","1317","286","490","333","157","4","3","1","13","5","8","24","4","20","449","321","128","249","155","94","4","3","1","8","3","5","20","2","18","217","147","70","241","178","63","0","0","0","5","2","3","4","2","2","232","174","58","7502","2692","4810"
"32","588","0003","627169","0000","000000","KERALA","Kasaragod","TOWN","Ajanur (CT)","Urban","7027","33079","15364","17715","4122","2067","2055","666","321","345","236","120","116","25791","12455","13336","7288","2909","4379","10873","7559","3314","9141","6662","2479","86","56","30","634","416","218","190","93","97","8231","6097","2134","1732","897","835","23","6","17","82","27","55","92","34","58","1535","830","705","1379","722","657","12","4","8","71","24","47","88","32","56","1208","662","546","353","175","178","11","2","9","11","3","8","4","2","2","327","168","159","22206","7805","14401"
"32","588","0004","000000","0000","000000","KERALA","Kasaragod","CD BLOCK","Nileshwar","Total","62111","271391","128028","143363","29549","14947","14602","10351","5066","5285","11070","5515","5555","223687","108392","115295","47704","19636","28068","96017","67229","28788","78324","57661","20663","3278","2734","544","9040","5385","3655","1536","795","741","64470","48747","15723","17693","9568","8125","585","354","231","3421","1714","1707","432","158","274","13255","7342","5913","14997","8375","6622","501","309","192","2899","1487","1412","373","141","232","11224","6438","4786","2696","1193","1503","84","45","39","522","227","295","59","17","42","2031","904","1127","175374","60799","114575"
"32","588","0004","000000","0000","000000","KERALA","Kasaragod","CD BLOCK","Nileshwar","Rural","35178","148644","71341","77303","15802","7988","7814","4508","2227","2281","10809","5381","5428","122398","60405","61993","26246","10936","15310","55688","39389","16299","45614","34071","11543","2750","2339","411","6284","3886","2398","621","356","265","35959","27490","8469","10074","5318","4756","463","273","190","2362","1234","1128","191","80","111","7058","3731","3327","8627","4657","3970","393","234","159","2006","1059","947","161","73","88","6067","3291","2776","1447","661","786","70","39","31","356","175","181","30","7","23","991","440","551","92956","31952","61004"
"32","588","0004","000000","0000","000000","KERALA","Kasaragod","CD BLOCK","Nileshwar","Urban","26933","122747","56687","66060","13747","6959","6788","5843","2839","3004","261","134","127","101289","47987","53302","21458","8700","12758","40329","27840","12489","32710","23590","9120","528","395","133","2756","1499","1257","915","439","476","28511","21257","7254","7619","4250","3369","122","81","41","1059","480","579","241","78","163","6197","3611","2586","6370","3718","2652","108","75","33","893","428","465","212","68","144","5157","3147","2010","1249","532","717","14","6","8","166","52","114","29","10","19","1040","464","576","82418","28847","53571"
"32","588","0004","627146","0000","000000","KERALA","Kasaragod","VILLAGE","Maloth (Part)","Rural","767","3270","1611","1659","344","172","172","20","9","11","808","394","414","2602","1317","1285","668","294","374","1321","945","376","1218","913","305","177","162","15","219","133","86","3","2","1","819","616","203","103","32","71","10","7","3","16","6","10","0","0","0","77","19","58","101","31","70","9","6","3","16","6","10","0","0","0","76","19","57","2","1","1","1","1","0","0","0","0","0","0","0","1","0","1","1949","666","1283"
"32","588","0004","627147","0000","000000","KERALA","Kasaragod","VILLAGE","West Eleri","Rural","2656","10656","5315","5341","1026","546","480","40","17","23","2384","1188","1196","8732","4463","4269","1924","852","1072","4016","3002","1014","3228","2580","648","275","266","9","506","370","136","23","19","4","2424","1925","499","788","422","366","10","8","2","66","35","31","7","2","5","705","377","328","741","405","336","10","8","2","57","31","26","6","2","4","668","364","304","47","17","30","0","0","0","9","4","5","1","0","1","37","13","24","6640","2313","4327"
"32","588","0004","627148","0000","000000","KERALA","Kasaragod","VILLAGE","Palavayal","Rural","2371","9923","4946","4977","1028","521","507","60","32","28","1368","679","689","8466","4259","4207","1457","687","770","3851","2912","939","3225","2530","695","206","201","5","167","108","59","7","5","2","2845","2216","629","626","382","244","18","11","7","204","138","66","2","0","2","402","233","169","473","276","197","17","11","6","135","89","46","2","0","2","319","176","143","153","106","47","1","0","1","69","49","20","0","0","0","83","57","26","6072","2034","4038"
"32","588","0004","627149","0000","000000","KERALA","Kasaragod","VILLAGE","Chittarikkal","Rural","3726","15152","7398","7754","1537","765","772","110","51","59","855","424","431","13027","6447","6580","2125","951","1174","5478","4231","1247","4656","3716","940","401","380","21","490","346","144","39","24","15","3726","2966","760","822","515","307","39","37","2","223","159","64","7","4","3","553","315","238","697","440","257","33","31","2","201","145","56","6","3","3","457","261","196","125","75","50","6","6","0","22","14","8","1","1","0","96","54","42","9674","3167","6507"
"32","588","0004","627150","0000","000000","KERALA","Kasaragod","VILLAGE","Bheemanady","Rural","3625","15688","7582","8106","1768","888","880","40","20","20","1550","738","812","12751","6325","6426","2937","1257","1680","5785","4235","1550","4724","3698","1026","337","310","27","853","588","265","46","33","13","3488","2767","721","1061","537","524","103","31","72","174","75","99","14","7","7","770","424","346","943","487","456","99","29","70","137","56","81","11","6","5","696","396","300","118","50","68","4","2","2","37","19","18","3","1","2","74","28","46","9903","3347","6556"
"32","588","0004","627151","0000","000000","KERALA","Kasaragod","VILLAGE","Parappa (Part)","Rural","2380","9633","4698","4935","1047","555","492","53","23","30","1890","942","948","7678","3846","3832","1955","852","1103","3889","2702","1187","3311","2493","818","299","245","54","442","285","157","20","11","9","2550","1952","598","578","209","369","14","6","8","61","24","37","3","1","2","500","178","322","463","174","289","12","5","7","43","21","22","3","1","2","405","147","258","115","35","80","2","1","1","18","3","15","0","0","0","95","31","64","5744","1996","3748"
"32","588","0004","627155","0000","000000","KERALA","Kasaragod","VILLAGE","Kinanoor","Rural","2517","9728","4691","5037","859","440","419","222","102","120","667","326","341","7913","4004","3909","1815","687","1128","3847","2579","1268","2661","1965","696","213","162","51","326","202","124","60","52","8","2062","1549","513","1186","614","572","55","29","26","164","97","67","15","4","11","952","484","468","939","495","444","39","26","13","132","74","58","11","4","7","757","391","366","247","119","128","16","3","13","32","23","9","4","0","4","195","93","102","5881","2112","3769"
"32","588","0004","627156","0000","000000","KERALA","Kasaragod","VILLAGE","Karindalam","Rural","1661","6602","3240","3362","646","333","313","22","12","10","626","318","308","5368","2724","2644","1234","516","718","2782","1889","893","1696","1226","470","50","45","5","63","46","17","17","13","4","1566","1122","444","1086","663","423","29","20","9","262","160","102","19","9","10","776","474","302","1029","636","393","28","19","9","249","151","98","16","8","8","736","458","278","57","27","30","1","1","0","13","9","4","3","1","2","40","16","24","3820","1351","2469"
"32","588","0004","627157","0000","000000","KERALA","Kasaragod","VILLAGE","Cheemeni II","Rural","367","1324","637","687","107","51","56","11","7","4","6","3","3","1066","555","511","258","82","176","626","412","214","523","368","155","6","6","0","40","30","10","0","0","0","477","332","145","103","44","59","1","0","1","29","4","25","0","0","0","73","40","33","83","35","48","1","0","1","23","4","19","0","0","0","59","31","28","20","9","11","0","0","0","6","0","6","0","0","0","14","9","5","698","225","473"
"32","588","0004","627158","0000","000000","KERALA","Kasaragod","VILLAGE","Cheemeni ","Rural","2029","8283","3908","4375","896","440","456","432","218","214","105","49","56","6841","3329","3512","1442","579","863","3334","2232","1102","2853","2051","802","191","148","43","664","443","221","41","18","23","1957","1442","515","481","181","300","25","14","11","171","71","100","7","0","7","278","96","182","419","164","255","18","10","8","157","69","88","5","0","5","239","85","154","62","17","45","7","4","3","14","2","12","2","0","2","39","11","28","4949","1676","3273"
"32","588","0004","627159","0000","000000","KERALA","Kasaragod","VILLAGE","Kayyur","Rural","1788","6450","3084","3366","537","269","268","139","60","79","75","36","39","5389","2696","2693","1061","388","673","2925","1846","1079","2717","1745","972","136","100","36","388","202","186","25","9","16","2168","1434","734","208","101","107","7","5","2","63","30","33","4","2","2","134","64","70","148","77","71","6","5","1","50","26","24","4","2","2","88","44","44","60","24","36","1","0","1","13","4","9","0","0","0","46","20","26","3525","1238","2287"
"32","588","0004","627160","0000","000000","KERALA","Kasaragod","VILLAGE","Kilayikode","Rural","839","3251","1504","1747","271","132","139","84","42","42","33","14","19","2750","1328","1422","501","176","325","1362","889","473","1259","851","408","36","26","10","209","121","88","42","33","9","972","671","301","103","38","65","5","2","3","20","9","11","3","1","2","75","26","49","69","29","40","4","1","3","15","7","8","3","1","2","47","20","27","34","9","25","1","1","0","5","2","3","0","0","0","28","6","22","1889","615","1274"
"32","588","0004","627161","0000","000000","KERALA","Kasaragod","VILLAGE","Thimiri","Rural","1344","5511","2640","2871","584","286","298","229","110","119","133","64","69","4580","2266","2314","931","374","557","2036","1458","578","1592","1189","403","56","44","12","329","224","105","15","12","3","1192","909","283","444","269","175","25","20","5","232","141","91","13","5","8","174","103","71","376","232","144","16","14","2","210","129","81","9","4","5","141","85","56","68","37","31","9","6","3","22","12","10","4","1","3","33","18","15","3475","1182","2293"
"32","588","0004","627162","0000","000000","KERALA","Kasaragod","VILLAGE","Kodakkad","Rural","2711","10763","5210","5553","1068","559","509","867","450","417","251","175","76","8942","4464","4478","1821","746","1075","4317","2890","1427","3163","2279","884","151","106","45","625","353","272","77","40","37","2310","1780","530","1154","611","543","91","66","25","468","206","262","63","37","26","532","302","230","1022","560","462","72","54","18","399","184","215","59","35","24","492","287","205","132","51","81","19","12","7","69","22","47","4","2","2","40","15","25","6446","2320","4126"
"32","588","0004","627163","0000","000000","KERALA","Kasaragod","VILLAGE","Padne","Rural","3776","21009","9568","11441","2874","1442","1432","1193","598","595","30","16","14","16794","7814","8980","4215","1754","2461","5850","4293","1557","5031","3845","1186","87","58","29","414","194","220","84","35","49","4446","3558","888","819","448","371","20","12","8","38","9","29","24","4","20","737","423","314","689","391","298","18","10","8","36","9","27","16","3","13","619","369","250","130","57","73","2","2","0","2","0","2","8","1","7","118","54","64","15159","5275","9884"
"32","588","0004","627164","0000","000000","KERALA","Kasaragod","VILLAGE","Udinoor","Rural","2621","11401","5309","6092","1210","589","621","986","476","510","28","15","13","9499","4568","4931","1902","741","1161","4269","2874","1395","3757","2622","1135","129","80","49","549","241","308","122","50","72","2957","2251","706","512","252","260","11","5","6","171","70","101","10","4","6","320","173","147","435","225","210","11","5","6","146","58","88","10","4","6","268","158","110","77","27","50","0","0","0","25","12","13","0","0","0","52","15","37","7132","2435","4697"
"32","588","0004","627170","0000","000000","KERALA","Kasaragod","TOWN","Perole (CT)","Urban","3748","14965","7125","7840","1359","721","638","543","278","265","32","19","13","12498","6167","6331","2467","958","1509","5935","3936","1999","4627","3285","1342","93","81","12","156","81","75","70","51","19","4308","3072","1236","1308","651","657","20","11","9","135","57","78","26","10","16","1127","573","554","1063","581","482","16","10","6","102","48","54","20","8","12","925","515","410","245","70","175","4","1","3","33","9","24","6","2","4","202","58","144","9030","3189","5841"
"32","588","0004","627171","0000","000000","KERALA","Kasaragod","TOWN","Pilicode (CT)","Urban","2318","9676","4600","5076","877","447","430","475","239","236","3","2","1","8240","4042","4198","1436","558","878","3924","2573","1351","3101","2086","1015","99","53","46","487","239","248","161","82","79","2354","1712","642","823","487","336","10","5","5","143","63","80","38","17","21","632","402","230","658","404","254","10","5","5","110","57","53","35","17","18","503","325","178","165","83","82","0","0","0","33","6","27","3","0","3","129","77","52","5752","2027","3725"
"32","588","0004","627172","0000","000000","KERALA","Kasaragod","TOWN","Maniyat (CT)","Urban","1113","4683","2174","2509","482","244","238","56","33","23","18","5","13","3892","1847","2045","791","327","464","1709","1110","599","1421","938","483","30","18","12","203","90","113","82","19","63","1106","811","295","288","172","116","2","1","1","108","66","42","12","5","7","166","100","66","277","169","108","2","1","1","105","64","41","12","5","7","158","99","59","11","3","8","0","0","0","3","2","1","0","0","0","8","1","7","2974","1064","1910"
"32","588","0004","627173","0000","000000","KERALA","Kasaragod","TOWN","North Thrikkaripur (CT)","Urban","3771","18210","8409","9801","2240","1109","1131","990","455","535","17","9","8","14970","7089","7881","3240","1320","1920","5556","3967","1589","4594","3461","1133","68","58","10","281","160","121","160","84","76","4085","3159","926","962","506","456","16","10","6","113","39","74","30","7","23","803","450","353","748","430","318","14","9","5","91","28","63","28","7","21","615","386","229","214","76","138","2","1","1","22","11","11","2","0","2","188","64","124","12654","4442","8212"
"32","588","0004","627174","0000","000000","KERALA","Kasaragod","TOWN","South Thrikkaripur (CT)","Urban","4578","22991","10333","12658","2896","1463","1433","1528","760","768","49","30","19","19144","8623","10521","3847","1710","2137","6033","4466","1567","5024","3854","1170","96","68","28","443","221","222","89","59","30","4396","3506","890","1009","612","397","24","17","7","74","35","39","38","14","24","873","546","327","846","548","298","22","16","6","63","31","32","33","11","22","728","490","238","163","64","99","2","1","1","11","4","7","5","3","2","145","56","89","16958","5867","11091"
"32","588","0004","803256","0041","000000","KERALA","Kasaragod","OG","Nileshwar (OG) WARD NO.-0041 (Rural MDDS CODE:627175)","Urban","5376","24787","11378","13409","2804","1414","1390","950","445","505","57","29","28","20362","9606","10756","4425","1772","2653","7589","5433","2156","6201","4585","1616","39","32","7","320","206","114","176","93","83","5666","4254","1412","1388","848","540","20","18","2","162","87","75","39","13","26","1167","730","437","1202","729","473","19","17","2","149","82","67","35","10","25","999","620","379","186","119","67","1","1","0","13","5","8","4","3","1","168","110","58","17198","5945","11253"
"32","588","0004","803256","0042","000000","KERALA","Kasaragod","OG","Cheruvathur (OG)   WARD NO.-0042 (Rural MDDS CODE:627176)","Urban","6029","27435","12668","14767","3089","1561","1528","1301","629","672","85","40","45","22183","10613","11570","5252","2055","3197","9583","6355","3228","7742","5381","2361","103","85","18","866","502","364","177","51","126","6596","4743","1853","1841","974","867","30","19","11","324","133","191","58","12","46","1429","810","619","1576","857","719","25","17","8","273","118","155","49","10","39","1229","712","517","265","117","148","5","2","3","51","15","36","9","2","7","200","98","102","17852","6313","11539"
